liters_sold_county,month,year,county,month_year
90066.27999999997,1,2018,Black Hawk,2018-01-01
55381.34000000002,1,2018,Woodbury,2018-01-01
96773.08999999998,1,2018,Scott,2018-01-01
48652.899999999994,1,2018,Pottawattamie,2018-01-01
298855.1499999998,1,2018,Polk,2018-01-01
55611.66999999998,1,2018,Story,2018-01-01
92307.21000000002,1,2018,Johnson,2018-01-01
54963.049999999974,1,2018,Dubuque,2018-01-01
17174.020000000008,1,2018,Dallas,2018-01-01
135373.15999999992,1,2018,Linn,2018-01-01
86793.84999999996,2,2018,Black Hawk,2018-02-01
50471.03999999999,2,2018,Woodbury,2018-02-01
56481.959999999985,2,2018,Pottawattamie,2018-02-01
97982.58000000002,2,2018,Scott,2018-02-01
26293.53,2,2018,Dallas,2018-02-01
334946.65,2,2018,Polk,2018-02-01
146369.71000000002,2,2018,Linn,2018-02-01
87991.17999999996,2,2018,Johnson,2018-02-01
50511.04,2,2018,Dubuque,2018-02-01
52609.479999999996,2,2018,Story,2018-02-01
112739.03,3,2018,Scott,2018-03-01
44923.61000000001,3,2018,Story,2018-03-01
50839.74999999999,3,2018,Woodbury,2018-03-01
136585.52999999997,3,2018,Linn,2018-03-01
89567.48,3,2018,Black Hawk,2018-03-01
50428.23000000002,3,2018,Dubuque,2018-03-01
77454.33999999997,3,2018,Johnson,2018-03-01
34328.57,3,2018,Dallas,2018-03-01
59633.76999999999,3,2018,Pottawattamie,2018-03-01
378124.0600000002,3,2018,Polk,2018-03-01
33655.88999999998,4,2018,Dallas,2018-04-01
54395.76000000001,4,2018,Dubuque,2018-04-01
101305.60000000002,4,2018,Johnson,2018-04-01
60546.87,4,2018,Story,2018-04-01
99040.49999999996,4,2018,Black Hawk,2018-04-01
56939.51000000001,4,2018,Woodbury,2018-04-01
163064.23000000013,4,2018,Linn,2018-04-01
398323.9599999999,4,2018,Polk,2018-04-01
68716.79999999999,4,2018,Pottawattamie,2018-04-01
117765.64000000003,4,2018,Scott,2018-04-01
58261.02999999997,5,2018,Pottawattamie,2018-05-01
59480.74,5,2018,Story,2018-05-01
75225.79000000001,5,2018,Woodbury,2018-05-01
435169.87000000005,5,2018,Polk,2018-05-01
196764.96000000008,5,2018,Linn,2018-05-01
103913.76999999995,5,2018,Black Hawk,2018-05-01
140061.95000000004,5,2018,Scott,2018-05-01
73326.89999999998,5,2018,Dubuque,2018-05-01
104304.78000000004,5,2018,Johnson,2018-05-01
31702.88999999999,5,2018,Dallas,2018-05-01
61958.92000000002,6,2018,Woodbury,2018-06-01
47180.25999999997,6,2018,Story,2018-06-01
125330.91999999998,6,2018,Scott,2018-06-01
74997.51000000002,6,2018,Pottawattamie,2018-06-01
415689.5100000001,6,2018,Polk,2018-06-01
57039.49,6,2018,Dubuque,2018-06-01
42116.269999999975,6,2018,Dallas,2018-06-01
98547.27000000002,6,2018,Black Hawk,2018-06-01
156933.11,6,2018,Linn,2018-06-01
100125.62000000002,6,2018,Johnson,2018-06-01
42545.18,7,2018,Story,2018-07-01
62557.85999999999,7,2018,Dubuque,2018-07-01
54908.700000000026,7,2018,Woodbury,2018-07-01
109304.55999999998,7,2018,Scott,2018-07-01
104622.23999999998,7,2018,Johnson,2018-07-01
378960.03,7,2018,Polk,2018-07-01
43032.57,7,2018,Dallas,2018-07-01
92726.2900000001,7,2018,Black Hawk,2018-07-01
160115.95999999996,7,2018,Linn,2018-07-01
57116.890000000014,7,2018,Pottawattamie,2018-07-01
75357.19999999997,8,2018,Pottawattamie,2018-08-01
69509.93999999997,8,2018,Woodbury,2018-08-01
69728.18,8,2018,Story,2018-08-01
112112.00999999994,8,2018,Black Hawk,2018-08-01
130564.15999999996,8,2018,Scott,2018-08-01
407878.5600000001,8,2018,Polk,2018-08-01
169909.59999999995,8,2018,Linn,2018-08-01
119714.97,8,2018,Johnson,2018-08-01
52945.920000000006,8,2018,Dubuque,2018-08-01
54352.810000000005,8,2018,Dallas,2018-08-01
22814.39000000001,9,2018,Dallas,2018-09-01
80864.04999999993,9,2018,Black Hawk,2018-09-01
55015.77999999996,9,2018,Woodbury,2018-09-01
96560.28999999998,9,2018,Johnson,2018-09-01
53366.72000000002,9,2018,Dubuque,2018-09-01
351208.25000000006,9,2018,Polk,2018-09-01
140746.50999999998,9,2018,Linn,2018-09-01
49676.35,9,2018,Pottawattamie,2018-09-01
96924.73000000001,9,2018,Scott,2018-09-01
59125.88000000001,9,2018,Story,2018-09-01
116986.58999999991,10,2018,Black Hawk,2018-10-01
33687.67999999999,10,2018,Dallas,2018-10-01
70554.82,10,2018,Dubuque,2018-10-01
115489.02,10,2018,Johnson,2018-10-01
204342.82000000004,10,2018,Linn,2018-10-01
449326.9899999998,10,2018,Polk,2018-10-01
71422.48000000001,10,2018,Story,2018-10-01
68025.86999999997,10,2018,Pottawattamie,2018-10-01
177869.45000000004,10,2018,Scott,2018-10-01
74345.49,10,2018,Woodbury,2018-10-01
95502.96000000005,11,2018,Black Hawk,2018-11-01
34706.24999999999,11,2018,Dallas,2018-11-01
59694.79999999995,11,2018,Woodbury,2018-11-01
54432.39999999998,11,2018,Story,2018-11-01
126215.27999999996,11,2018,Scott,2018-11-01
68439.09999999999,11,2018,Pottawattamie,2018-11-01
400470.4399999999,11,2018,Polk,2018-11-01
166653.95999999993,11,2018,Linn,2018-11-01
93442.83999999998,11,2018,Johnson,2018-11-01
62347.73,11,2018,Dubuque,2018-11-01
53135.63000000001,12,2018,Story,2018-12-01
158802.02,12,2018,Scott,2018-12-01
79045.45999999996,12,2018,Pottawattamie,2018-12-01
450272.0499999999,12,2018,Polk,2018-12-01
66692.13000000003,12,2018,Woodbury,2018-12-01
135270.47000000003,12,2018,Johnson,2018-12-01
67948.47000000003,12,2018,Dubuque,2018-12-01
56346.039999999986,12,2018,Dallas,2018-12-01
169614.8799999999,12,2018,Linn,2018-12-01
118662.92000000003,12,2018,Black Hawk,2018-12-01
51946.66000000001,1,2019,Story,2019-01-01
106496.63000000006,1,2019,Scott,2019-01-01
47762.50999999997,1,2019,Pottawattamie,2019-01-01
328830.97,1,2019,Polk,2019-01-01
56710.81999999998,1,2019,Woodbury,2019-01-01
88059.39999999995,1,2019,Johnson,2019-01-01
136332.23,1,2019,Linn,2019-01-01
43576.639999999985,1,2019,Dallas,2019-01-01
77556.31000000004,1,2019,Black Hawk,2019-01-01
52307.70999999996,1,2019,Dubuque,2019-01-01
54839.04999999998,2,2019,Woodbury,2019-02-01
54873.61000000001,2,2019,Story,2019-02-01
112521.08999999997,2,2019,Scott,2019-02-01
61591.65,2,2019,Pottawattamie,2019-02-01
347871.21,2,2019,Polk,2019-02-01
149876.84999999998,2,2019,Linn,2019-02-01
89178.85999999999,2,2019,Johnson,2019-02-01
54642.92000000001,2,2019,Dubuque,2019-02-01
29703.950000000004,2,2019,Dallas,2019-02-01
96932.48999999998,2,2019,Black Hawk,2019-02-01
86523.45000000003,3,2019,Black Hawk,2019-03-01
28025.069999999985,3,2019,Dallas,2019-03-01
48838.519999999975,3,2019,Dubuque,2019-03-01
82624.91,3,2019,Johnson,2019-03-01
60782.66999999999,3,2019,Pottawattamie,2019-03-01
363386.1400000001,3,2019,Polk,2019-03-01
55060.459999999985,3,2019,Woodbury,2019-03-01
111409.41000000003,3,2019,Scott,2019-03-01
48743.310000000005,3,2019,Story,2019-03-01
132032.38999999993,3,2019,Linn,2019-03-01
77129.42000000004,4,2019,Woodbury,2019-04-01
62777.22999999999,4,2019,Story,2019-04-01
135484.58000000002,4,2019,Scott,2019-04-01
66043.04000000002,4,2019,Pottawattamie,2019-04-01
60753.439999999995,4,2019,Dubuque,2019-04-01
172435.32000000007,4,2019,Linn,2019-04-01
107169.21,4,2019,Johnson,2019-04-01
24970.209999999992,4,2019,Dallas,2019-04-01
103183.11,4,2019,Black Hawk,2019-04-01
411624.49,4,2019,Polk,2019-04-01
102063.92000000003,5,2019,Johnson,2019-05-01
463214.1599999998,5,2019,Polk,2019-05-01
185027.2100000001,5,2019,Linn,2019-05-01
83627.20999999998,5,2019,Pottawattamie,2019-05-01
62522.64999999998,5,2019,Story,2019-05-01
65396.84999999998,5,2019,Dubuque,2019-05-01
45406.55999999998,5,2019,Dallas,2019-05-01
110604.30000000009,5,2019,Black Hawk,2019-05-01
77279.62,5,2019,Woodbury,2019-05-01
139459.62000000005,5,2019,Scott,2019-05-01
100192.05000000006,6,2019,Black Hawk,2019-06-01
69615.35999999999,6,2019,Pottawattamie,2019-06-01
50096.70000000002,6,2019,Dallas,2019-06-01
158409.02,6,2019,Linn,2019-06-01
53868.0,6,2019,Dubuque,2019-06-01
57500.33999999997,6,2019,Woodbury,2019-06-01
99047.87999999999,6,2019,Johnson,2019-06-01
48382.329999999994,6,2019,Story,2019-06-01
408127.68,6,2019,Polk,2019-06-01
144208.43000000005,6,2019,Scott,2019-06-01
107683.89000000004,7,2019,Black Hawk,2019-07-01
65359.87000000002,7,2019,Dallas,2019-07-01
64107.23999999999,7,2019,Dubuque,2019-07-01
156077.29000000004,7,2019,Linn,2019-07-01
420824.02999999974,7,2019,Polk,2019-07-01
74281.42999999998,7,2019,Pottawattamie,2019-07-01
151479.87999999995,7,2019,Scott,2019-07-01
51512.549999999996,7,2019,Story,2019-07-01
84901.57999999997,7,2019,Woodbury,2019-07-01
100760.05,7,2019,Johnson,2019-07-01
107443.6,8,2019,Johnson,2019-08-01
183075.49999999988,8,2019,Linn,2019-08-01
31521.78999999999,8,2019,Dallas,2019-08-01
51340.099999999984,8,2019,Dubuque,2019-08-01
88317.88999999996,8,2019,Black Hawk,2019-08-01
401445.9099999998,8,2019,Polk,2019-08-01
60770.059999999976,8,2019,Pottawattamie,2019-08-01
112372.81999999992,8,2019,Scott,2019-08-01
53393.31999999998,8,2019,Story,2019-08-01
48280.79999999997,8,2019,Woodbury,2019-08-01
52827.250000000015,9,2019,Dubuque,2019-09-01
400605.2800000001,9,2019,Polk,2019-09-01
100010.59999999998,9,2019,Johnson,2019-09-01
146546.81999999995,9,2019,Linn,2019-09-01
29915.949999999986,9,2019,Dallas,2019-09-01
59241.52999999997,9,2019,Story,2019-09-01
57267.96999999997,9,2019,Pottawattamie,2019-09-01
52152.79999999996,9,2019,Woodbury,2019-09-01
122537.32000000005,9,2019,Scott,2019-09-01
86052.52000000005,9,2019,Black Hawk,2019-09-01
128008.54000000002,10,2019,Johnson,2019-10-01
66856.01000000001,10,2019,Dallas,2019-10-01
51387.779999999955,10,2019,Dubuque,2019-10-01
123613.18000000002,10,2019,Black Hawk,2019-10-01
184939.53999999995,10,2019,Linn,2019-10-01
137228.82000000004,10,2019,Scott,2019-10-01
67273.58999999998,10,2019,Story,2019-10-01
66074.47999999994,10,2019,Woodbury,2019-10-01
68268.23999999992,10,2019,Pottawattamie,2019-10-01
465419.0599999999,10,2019,Polk,2019-10-01
65248.319999999985,11,2019,Dubuque,2019-11-01
63520.75999999998,11,2019,Woodbury,2019-11-01
93232.74999999999,11,2019,Black Hawk,2019-11-01
98875.09999999998,11,2019,Johnson,2019-11-01
55049.20000000001,11,2019,Story,2019-11-01
35098.86999999998,11,2019,Dallas,2019-11-01
135647.36000000007,11,2019,Scott,2019-11-01
161016.53000000006,11,2019,Linn,2019-11-01
65465.83000000002,11,2019,Pottawattamie,2019-11-01
362631.49999999994,11,2019,Polk,2019-11-01
60397.529999999955,12,2019,Dubuque,2019-12-01
437218.87,12,2019,Polk,2019-12-01
122565.24000000002,12,2019,Black Hawk,2019-12-01
133099.0000000001,12,2019,Scott,2019-12-01
79209.48000000001,12,2019,Woodbury,2019-12-01
177610.32,12,2019,Linn,2019-12-01
108683.82999999994,12,2019,Johnson,2019-12-01
43700.9,12,2019,Dallas,2019-12-01
64923.74999999994,12,2019,Pottawattamie,2019-12-01
56048.08000000001,12,2019,Story,2019-12-01
108479.00999999997,1,2020,Scott,2020-01-01
63612.35999999997,1,2020,Pottawattamie,2020-01-01
53699.47999999998,1,2020,Story,2020-01-01
335597.9599999999,1,2020,Polk,2020-01-01
44147.119999999995,1,2020,Woodbury,2020-01-01
74738.71,1,2020,Black Hawk,2020-01-01
76565.95999999998,1,2020,Johnson,2020-01-01
142927.83,1,2020,Linn,2020-01-01
32444.77,1,2020,Dallas,2020-01-01
45375.24999999999,1,2020,Dubuque,2020-01-01
58069.34999999998,2,2020,Story,2020-02-01
109000.99000000002,2,2020,Scott,2020-02-01
59150.099999999955,2,2020,Pottawattamie,2020-02-01
57556.45999999997,2,2020,Woodbury,2020-02-01
345945.37999999995,2,2020,Polk,2020-02-01
143957.21000000005,2,2020,Linn,2020-02-01
91092.21000000002,2,2020,Johnson,2020-02-01
97712.38000000002,2,2020,Black Hawk,2020-02-01
48759.79999999998,2,2020,Dubuque,2020-02-01
33060.780000000006,2,2020,Dallas,2020-02-01
72953.49999999997,3,2020,Woodbury,2020-03-01
103234.43000000004,3,2020,Black Hawk,2020-03-01
180908.49000000002,3,2020,Linn,2020-03-01
53649.069999999985,3,2020,Dallas,2020-03-01
68971.35999999999,3,2020,Pottawattamie,2020-03-01
147296.0899999999,3,2020,Scott,2020-03-01
59034.679999999964,3,2020,Dubuque,2020-03-01
110226.23999999999,3,2020,Johnson,2020-03-01
409281.6700000001,3,2020,Polk,2020-03-01
57265.76999999998,3,2020,Story,2020-03-01
96937.04000000002,4,2020,Johnson,2020-04-01
184670.06999999998,4,2020,Linn,2020-04-01
54645.039999999986,4,2020,Dallas,2020-04-01
421989.5300000001,4,2020,Polk,2020-04-01
56113.20999999999,4,2020,Dubuque,2020-04-01
100851.05000000002,4,2020,Black Hawk,2020-04-01
71443.04999999997,4,2020,Pottawattamie,2020-04-01
125529.59000000001,4,2020,Scott,2020-04-01
67243.02999999998,4,2020,Story,2020-04-01
67851.33999999995,4,2020,Woodbury,2020-04-01
177302.43,5,2020,Linn,2020-05-01
97244.63,5,2020,Black Hawk,2020-05-01
58825.139999999985,5,2020,Story,2020-05-01
139343.17,5,2020,Scott,2020-05-01
71047.24000000002,5,2020,Pottawattamie,2020-05-01
385151.36000000016,5,2020,Polk,2020-05-01
57017.979999999974,5,2020,Woodbury,2020-05-01
101156.56999999996,5,2020,Johnson,2020-05-01
56950.420000000006,5,2020,Dubuque,2020-05-01
59498.81999999999,5,2020,Dallas,2020-05-01
77059.45999999998,6,2020,Woodbury,2020-06-01
172325.07,6,2020,Scott,2020-06-01
64940.40999999998,6,2020,Pottawattamie,2020-06-01
440467.25000000006,6,2020,Polk,2020-06-01
190720.59999999995,6,2020,Linn,2020-06-01
123370.11999999998,6,2020,Johnson,2020-06-01
64395.39999999996,6,2020,Dubuque,2020-06-01
80785.52,6,2020,Dallas,2020-06-01
126133.77,6,2020,Black Hawk,2020-06-01
51062.5,6,2020,Story,2020-06-01
58840.09999999999,7,2020,Story,2020-07-01
145271.62000000008,7,2020,Scott,2020-07-01
81567.17000000001,7,2020,Pottawattamie,2020-07-01
437856.5100000001,7,2020,Polk,2020-07-01
54603.850000000006,7,2020,Dallas,2020-07-01
105009.60999999999,7,2020,Johnson,2020-07-01
104834.07,7,2020,Black Hawk,2020-07-01
64804.18999999999,7,2020,Dubuque,2020-07-01
62988.63000000002,7,2020,Woodbury,2020-07-01
192525.77999999994,7,2020,Linn,2020-07-01
64777.53999999999,8,2020,Woodbury,2020-08-01
153331.7399999999,8,2020,Scott,2020-08-01
100707.24999999997,8,2020,Black Hawk,2020-08-01
55878.14000000001,8,2020,Dallas,2020-08-01
68985.5,8,2020,Dubuque,2020-08-01
162233.59999999998,8,2020,Linn,2020-08-01
418927.0500000003,8,2020,Polk,2020-08-01
66714.48000000001,8,2020,Pottawattamie,2020-08-01
115794.27,8,2020,Johnson,2020-08-01
71299.55,8,2020,Story,2020-08-01
165008.57,9,2020,Scott,2020-09-01
87152.32000000007,9,2020,Pottawattamie,2020-09-01
452382.2600000005,9,2020,Polk,2020-09-01
162592.43000000008,9,2020,Linn,2020-09-01
90922.34000000007,9,2020,Woodbury,2020-09-01
75336.31000000003,9,2020,Story,2020-09-01
65636.73999999999,9,2020,Dubuque,2020-09-01
119747.40999999997,9,2020,Black Hawk,2020-09-01
69305.10999999999,9,2020,Dallas,2020-09-01
133311.67999999996,9,2020,Johnson,2020-09-01
51604.66,10,2020,Dallas,2020-10-01
67758.98,10,2020,Pottawattamie,2020-10-01
478106.74000000005,10,2020,Polk,2020-10-01
201059.40999999995,10,2020,Linn,2020-10-01
72017.34000000003,10,2020,Story,2020-10-01
57392.65999999997,10,2020,Woodbury,2020-10-01
61952.210000000014,10,2020,Dubuque,2020-10-01
143599.33,10,2020,Scott,2020-10-01
112488.58000000002,10,2020,Black Hawk,2020-10-01
120523.45000000004,10,2020,Johnson,2020-10-01
105285.26999999997,11,2020,Black Hawk,2020-11-01
36285.51000000001,11,2020,Dallas,2020-11-01
64603.45999999998,11,2020,Dubuque,2020-11-01
163786.41999999998,11,2020,Linn,2020-11-01
90309.82999999996,11,2020,Johnson,2020-11-01
366593.74,11,2020,Polk,2020-11-01
141437.81000000003,11,2020,Scott,2020-11-01
63884.53999999998,11,2020,Story,2020-11-01
60711.47000000003,11,2020,Woodbury,2020-11-01
62359.909999999974,11,2020,Pottawattamie,2020-11-01
167291.44999999995,12,2020,Scott,2020-12-01
468616.1799999999,12,2020,Polk,2020-12-01
73593.39000000003,12,2020,Story,2020-12-01
84412.03000000004,12,2020,Pottawattamie,2020-12-01
82392.18000000005,12,2020,Woodbury,2020-12-01
193734.46999999994,12,2020,Linn,2020-12-01
126848.36000000003,12,2020,Johnson,2020-12-01
66392.58999999997,12,2020,Dallas,2020-12-01
128643.86999999997,12,2020,Black Hawk,2020-12-01
59908.52,12,2020,Dubuque,2020-12-01
89638.54000000001,1,2021,Black Hawk,2021-01-01
46796.00000000001,1,2021,Dallas,2021-01-01
58666.35000000002,1,2021,Dubuque,2021-01-01
80110.22,1,2021,Johnson,2021-01-01
165919.59999999998,1,2021,Linn,2021-01-01
337739.3099999999,1,2021,Polk,2021-01-01
62364.83,1,2021,Pottawattamie,2021-01-01
121127.50000000001,1,2021,Scott,2021-01-01
53681.59,1,2021,Story,2021-01-01
60855.609999999964,1,2021,Woodbury,2021-01-01
148219.35,2,2021,Linn,2021-02-01
38808.95000000002,2,2021,Dallas,2021-02-01
54764.549999999996,2,2021,Dubuque,2021-02-01
98323.43000000002,2,2021,Johnson,2021-02-01
64455.23999999995,2,2021,Story,2021-02-01
362001.2899999999,2,2021,Polk,2021-02-01
63479.97,2,2021,Pottawattamie,2021-02-01
112893.86000000002,2,2021,Scott,2021-02-01
55850.06,2,2021,Woodbury,2021-02-01
101567.7,2,2021,Black Hawk,2021-02-01
105291.54999999996,3,2021,Black Hawk,2021-03-01
60201.98999999999,3,2021,Dubuque,2021-03-01
56157.92000000004,3,2021,Dallas,2021-03-01
182148.71999999994,3,2021,Linn,2021-03-01
442606.97000000003,3,2021,Polk,2021-03-01
80248.16999999995,3,2021,Pottawattamie,2021-03-01
163191.0800000001,3,2021,Scott,2021-03-01
69324.91999999997,3,2021,Story,2021-03-01
68113.61999999995,3,2021,Woodbury,2021-03-01
133385.9000000001,3,2021,Johnson,2021-03-01
127184.08000000006,4,2021,Scott,2021-04-01
71269.50000000001,4,2021,Pottawattamie,2021-04-01
470331.3499999999,4,2021,Polk,2021-04-01
176032.77999999994,4,2021,Linn,2021-04-01
71653.72999999998,4,2021,Woodbury,2021-04-01
74297.01999999999,4,2021,Dubuque,2021-04-01
39727.629999999976,4,2021,Dallas,2021-04-01
114867.45,4,2021,Black Hawk,2021-04-01
69302.68999999999,4,2021,Story,2021-04-01
104410.73,4,2021,Johnson,2021-04-01
57443.929999999986,5,2021,Story,2021-05-01
129388.36000000009,5,2021,Scott,2021-05-01
101793.25000000007,5,2021,Johnson,2021-05-01
105435.72,5,2021,Black Hawk,2021-05-01
53090.22999999998,5,2021,Dallas,2021-05-01
63049.210000000014,5,2021,Dubuque,2021-05-01
61726.28999999999,5,2021,Woodbury,2021-05-01
181055.4700000002,5,2021,Linn,2021-05-01
408189.76000000007,5,2021,Polk,2021-05-01
71760.46,5,2021,Pottawattamie,2021-05-01
56424.83999999996,6,2021,Story,2021-06-01
175846.19000000015,6,2021,Scott,2021-06-01
69997.81,6,2021,Pottawattamie,2021-06-01
457893.9100000003,6,2021,Polk,2021-06-01
112885.25999999995,6,2021,Black Hawk,2021-06-01
133111.37999999998,6,2021,Johnson,2021-06-01
60523.07,6,2021,Dubuque,2021-06-01
72752.49,6,2021,Dallas,2021-06-01
73270.66,6,2021,Woodbury,2021-06-01
193034.3099999999,6,2021,Linn,2021-06-01
75964.61,7,2021,Woodbury,2021-07-01
58645.169999999984,7,2021,Story,2021-07-01
128434.02,7,2021,Scott,2021-07-01
60212.76999999997,7,2021,Dallas,2021-07-01
59197.06999999998,7,2021,Dubuque,2021-07-01
447766.81999999995,7,2021,Polk,2021-07-01
181008.70000000004,7,2021,Linn,2021-07-01
104081.30000000006,7,2021,Johnson,2021-07-01
115423.6,7,2021,Black Hawk,2021-07-01
84165.94000000002,7,2021,Pottawattamie,2021-07-01
74346.42999999998,8,2021,Woodbury,2021-08-01
155360.93000000002,8,2021,Scott,2021-08-01
69406.70999999996,8,2021,Pottawattamie,2021-08-01
65011.03999999997,8,2021,Story,2021-08-01
452748.94,8,2021,Polk,2021-08-01
125435.36999999994,8,2021,Johnson,2021-08-01
52023.159999999996,8,2021,Dallas,2021-08-01
67996.18999999999,8,2021,Dubuque,2021-08-01
178253.41999999993,8,2021,Linn,2021-08-01
105258.30999999997,8,2021,Black Hawk,2021-08-01
57252.490000000005,9,2021,Dubuque,2021-09-01
173516.82999999996,9,2021,Linn,2021-09-01
116748.05000000006,9,2021,Black Hawk,2021-09-01
68167.12999999996,9,2021,Woodbury,2021-09-01
117118.88000000003,9,2021,Johnson,2021-09-01
86853.65000000005,9,2021,Story,2021-09-01
49396.290000000015,9,2021,Dallas,2021-09-01
138051.5300000001,9,2021,Scott,2021-09-01
73135.47999999997,9,2021,Pottawattamie,2021-09-01
451721.21,9,2021,Polk,2021-09-01
66890.46999999994,10,2021,Dallas,2021-10-01
126873.98000000007,10,2021,Johnson,2021-10-01
104138.20999999999,10,2021,Black Hawk,2021-10-01
179857.18999999997,10,2021,Linn,2021-10-01
471698.51000000024,10,2021,Polk,2021-10-01
56895.86999999998,10,2021,Dubuque,2021-10-01
74135.81,10,2021,Pottawattamie,2021-10-01
133703.91000000003,10,2021,Scott,2021-10-01
62255.58999999999,10,2021,Story,2021-10-01
62616.45,10,2021,Woodbury,2021-10-01
76863.56999999999,11,2021,Woodbury,2021-11-01
77673.64000000003,11,2021,Dallas,2021-11-01
114108.51000000001,11,2021,Black Hawk,2021-11-01
69476.47999999995,11,2021,Dubuque,2021-11-01
120981.97,11,2021,Johnson,2021-11-01
187587.30000000005,11,2021,Linn,2021-11-01
68931.49999999997,11,2021,Story,2021-11-01
403819.17000000016,11,2021,Polk,2021-11-01
66018.99999999993,11,2021,Pottawattamie,2021-11-01
155422.20999999996,11,2021,Scott,2021-11-01
71980.59000000005,12,2021,Story,2021-12-01
150210.51000000013,12,2021,Scott,2021-12-01
135680.83000000005,12,2021,Black Hawk,2021-12-01
83201.06,12,2021,Woodbury,2021-12-01
94977.93000000002,12,2021,Pottawattamie,2021-12-01
498501.5799999998,12,2021,Polk,2021-12-01
202059.46999999997,12,2021,Linn,2021-12-01
115324.17,12,2021,Johnson,2021-12-01
76923.23999999998,12,2021,Dubuque,2021-12-01
55086.75000000002,12,2021,Dallas,2021-12-01
48455.68,1,2022,Story,2022-01-01
101298.11,1,2022,Scott,2022-01-01
49950.84000000001,1,2022,Pottawattamie,2022-01-01
338370.04999999993,1,2022,Polk,2022-01-01
52288.39999999997,1,2022,Woodbury,2022-01-01
83762.56000000001,1,2022,Johnson,2022-01-01
51637.25999999997,1,2022,Dubuque,2022-01-01
39112.14999999999,1,2022,Dallas,2022-01-01
75473.45999999998,1,2022,Black Hawk,2022-01-01
139070.44999999998,1,2022,Linn,2022-01-01
62673.130000000005,2,2022,Story,2022-02-01
111976.56999999996,2,2022,Scott,2022-02-01
61804.69000000001,2,2022,Pottawattamie,2022-02-01
353678.54999999976,2,2022,Polk,2022-02-01
144329.00999999992,2,2022,Linn,2022-02-01
102926.06000000003,2,2022,Johnson,2022-02-01
46195.490000000005,2,2022,Dubuque,2022-02-01
32699.71000000002,2,2022,Dallas,2022-02-01
99177.29999999999,2,2022,Black Hawk,2022-02-01
52292.39999999998,2,2022,Woodbury,2022-02-01
57811.899999999994,3,2022,Story,2022-03-01
146927.98000000004,3,2022,Linn,2022-03-01
69916.59000000001,3,2022,Pottawattamie,2022-03-01
377710.26999999996,3,2022,Polk,2022-03-01
105018.42000000003,3,2022,Scott,2022-03-01
46858.709999999985,3,2022,Dubuque,2022-03-01
43001.18999999995,3,2022,Dallas,2022-03-01
97017.33999999998,3,2022,Black Hawk,2022-03-01
64117.200000000004,3,2022,Woodbury,2022-03-01
87635.18000000002,3,2022,Johnson,2022-03-01
69451.30999999998,4,2022,Woodbury,2022-04-01
103091.8,4,2022,Black Hawk,2022-04-01
52240.10999999998,4,2022,Dallas,2022-04-01
67127.41,4,2022,Dubuque,2022-04-01
65237.05,4,2022,Story,2022-04-01
177521.1900000001,4,2022,Linn,2022-04-01
438980.74000000017,4,2022,Polk,2022-04-01
73929.06999999999,4,2022,Pottawattamie,2022-04-01
133749.45,4,2022,Scott,2022-04-01
108228.28999999998,4,2022,Johnson,2022-04-01
60521.829999999965,5,2022,Dubuque,2022-05-01
116099.41000000005,5,2022,Johnson,2022-05-01
186087.9300000001,5,2022,Linn,2022-05-01
63473.65999999998,5,2022,Dallas,2022-05-01
436278.1099999999,5,2022,Polk,2022-05-01
68421.67,5,2022,Pottawattamie,2022-05-01
126325.65000000005,5,2022,Scott,2022-05-01
59907.34999999998,5,2022,Story,2022-05-01
63302.39999999998,5,2022,Woodbury,2022-05-01
101925.59000000003,5,2022,Black Hawk,2022-05-01
55217.70999999996,6,2022,Dubuque,2022-06-01
109680.53000000001,6,2022,Johnson,2022-06-01
173509.70000000004,6,2022,Linn,2022-06-01
453139.50000000023,6,2022,Polk,2022-06-01
75003.13,6,2022,Woodbury,2022-06-01
138995.21999999997,6,2022,Scott,2022-06-01
58100.37999999996,6,2022,Dallas,2022-06-01
79399.37999999998,6,2022,Pottawattamie,2022-06-01
112822.79000000001,6,2022,Black Hawk,2022-06-01
59940.88999999997,6,2022,Story,2022-06-01
53944.28999999996,7,2022,Woodbury,2022-07-01
159006.04000000007,7,2022,Linn,2022-07-01
90567.36000000002,7,2022,Black Hawk,2022-07-01
39725.43999999998,7,2022,Story,2022-07-01
61465.88999999998,7,2022,Dubuque,2022-07-01
85272.34,7,2022,Johnson,2022-07-01
48266.409999999974,7,2022,Dallas,2022-07-01
394917.14000000013,7,2022,Polk,2022-07-01
61650.02999999999,7,2022,Pottawattamie,2022-07-01
96961.76000000001,7,2022,Scott,2022-07-01
74862.50999999998,8,2022,Story,2022-08-01
101522.32000000002,8,2022,Black Hawk,2022-08-01
70879.61,8,2022,Woodbury,2022-08-01
146569.75999999992,8,2022,Scott,2022-08-01
73048.84999999998,8,2022,Pottawattamie,2022-08-01
477692.9000000004,8,2022,Polk,2022-08-01
183963.45,8,2022,Linn,2022-08-01
142598.48,8,2022,Johnson,2022-08-01
71925.08000000003,8,2022,Dallas,2022-08-01
65950.17,8,2022,Dubuque,2022-08-01
68333.00000000001,9,2022,Pottawattamie,2022-09-01
107659.72,9,2022,Scott,2022-09-01
115759.34999999999,9,2022,Black Hawk,2022-09-01
64141.27999999999,9,2022,Dallas,2022-09-01
61380.32999999999,9,2022,Dubuque,2022-09-01
114072.37000000002,9,2022,Johnson,2022-09-01
177346.68000000017,9,2022,Linn,2022-09-01
422286.18,9,2022,Polk,2022-09-01
64775.98999999998,9,2022,Story,2022-09-01
71488.46999999997,9,2022,Woodbury,2022-09-01
67241.75000000003,10,2022,Dubuque,2022-10-01
108275.76000000004,10,2022,Black Hawk,2022-10-01
68326.47000000002,10,2022,Dallas,2022-10-01
124089.42999999998,10,2022,Johnson,2022-10-01
69227.03999999998,10,2022,Woodbury,2022-10-01
504755.4100000003,10,2022,Polk,2022-10-01
74495.29000000004,10,2022,Pottawattamie,2022-10-01
140438.87999999995,10,2022,Scott,2022-10-01
69189.42999999998,10,2022,Story,2022-10-01
182086.51000000007,10,2022,Linn,2022-10-01
59678.92000000003,11,2022,Story,2022-11-01
130877.51999999997,11,2022,Scott,2022-11-01
66578.64999999998,11,2022,Woodbury,2022-11-01
65982.59999999998,11,2022,Pottawattamie,2022-11-01
412604.01,11,2022,Polk,2022-11-01
161550.91999999998,11,2022,Linn,2022-11-01
117083.79000000008,11,2022,Johnson,2022-11-01
53807.35999999997,11,2022,Dubuque,2022-11-01
51336.74000000001,11,2022,Dallas,2022-11-01
96754.86999999994,11,2022,Black Hawk,2022-11-01
66139.43,12,2022,Dallas,2022-12-01
68674.60999999996,12,2022,Dubuque,2022-12-01
109658.61000000004,12,2022,Johnson,2022-12-01
181050.8699999999,12,2022,Linn,2022-12-01
114792.10000000003,12,2022,Black Hawk,2022-12-01
79182.20000000003,12,2022,Pottawattamie,2022-12-01
134605.88,12,2022,Scott,2022-12-01
57269.740000000005,12,2022,Story,2022-12-01
71350.29999999999,12,2022,Woodbury,2022-12-01
480919.79999999993,12,2022,Polk,2022-12-01
43230.86000000002,1,2023,Story,2023-01-01
59293.690000000024,1,2023,Pottawattamie,2023-01-01
372819.8100000002,1,2023,Polk,2023-01-01
112237.0,1,2023,Scott,2023-01-01
61062.87999999999,1,2023,Woodbury,2023-01-01
51781.41000000001,1,2023,Dubuque,2023-01-01
48070.91999999998,1,2023,Dallas,2023-01-01
90350.09000000001,1,2023,Black Hawk,2023-01-01
155855.92000000007,1,2023,Linn,2023-01-01
103153.93999999994,1,2023,Johnson,2023-01-01
51762.78999999998,2,2023,Dubuque,2023-02-01
58982.81000000002,2,2023,Woodbury,2023-02-01
95129.52,2,2023,Black Hawk,2023-02-01
109673.35999999997,2,2023,Scott,2023-02-01
44420.86000000001,2,2023,Dallas,2023-02-01
51976.78000000001,2,2023,Story,2023-02-01
97923.44999999997,2,2023,Johnson,2023-02-01
386428.35000000003,2,2023,Polk,2023-02-01
60760.85999999996,2,2023,Pottawattamie,2023-02-01
151532.04999999996,2,2023,Linn,2023-02-01
119032.81000000003,3,2023,Scott,2023-03-01
445443.27999999997,3,2023,Polk,2023-03-01
173248.93999999994,3,2023,Linn,2023-03-01
102505.40999999996,3,2023,Johnson,2023-03-01
67167.55000000002,3,2023,Story,2023-03-01
48856.81999999999,3,2023,Dallas,2023-03-01
69790.15999999997,3,2023,Woodbury,2023-03-01
63916.09999999996,3,2023,Dubuque,2023-03-01
77157.56999999993,3,2023,Pottawattamie,2023-03-01
108404.15999999995,3,2023,Black Hawk,2023-03-01
48184.39999999998,4,2023,Dallas,2023-04-01
58542.29999999997,4,2023,Woodbury,2023-04-01
53348.81,4,2023,Dubuque,2023-04-01
116236.79000000004,4,2023,Johnson,2023-04-01
161957.83999999997,4,2023,Linn,2023-04-01
399640.68999999994,4,2023,Polk,2023-04-01
67190.92,4,2023,Pottawattamie,2023-04-01
107584.11999999997,4,2023,Scott,2023-04-01
55164.03000000001,4,2023,Story,2023-04-01
91925.07999999999,4,2023,Black Hawk,2023-04-01
64062.54999999996,5,2023,Woodbury,2023-05-01
65909.91999999998,5,2023,Story,2023-05-01
146715.3200000001,5,2023,Scott,2023-05-01
64154.72000000001,5,2023,Pottawattamie,2023-05-01
469186.7599999999,5,2023,Polk,2023-05-01
63556.659999999974,5,2023,Dubuque,2023-05-01
64237.25999999996,5,2023,Dallas,2023-05-01
104774.6,5,2023,Black Hawk,2023-05-01
117432.10999999999,5,2023,Johnson,2023-05-01
189517.89000000004,5,2023,Linn,2023-05-01
114228.62999999999,6,2023,Black Hawk,2023-06-01
63006.53999999999,6,2023,Dallas,2023-06-01
62971.24000000001,6,2023,Dubuque,2023-06-01
115011.44000000002,6,2023,Johnson,2023-06-01
193411.86000000007,6,2023,Linn,2023-06-01
477467.2500000001,6,2023,Polk,2023-06-01
83732.16000000002,6,2023,Pottawattamie,2023-06-01
131619.24,6,2023,Scott,2023-06-01
84755.98,6,2023,Woodbury,2023-06-01
48123.13999999999,6,2023,Story,2023-06-01
108608.33000000005,7,2023,Scott,2023-07-01
60225.68999999998,7,2023,Pottawattamie,2023-07-01
422793.8900000001,7,2023,Polk,2023-07-01
40294.140000000014,7,2023,Story,2023-07-01
150869.64999999997,7,2023,Linn,2023-07-01
104567.31000000001,7,2023,Johnson,2023-07-01
51454.81000000001,7,2023,Dubuque,2023-07-01
50851.78999999997,7,2023,Dallas,2023-07-01
87769.74000000002,7,2023,Black Hawk,2023-07-01
60557.52,7,2023,Woodbury,2023-07-01
444549.49,8,2023,Polk,2023-08-01
125381.28000000001,8,2023,Johnson,2023-08-01
142807.74000000002,8,2023,Scott,2023-08-01
75226.27,8,2023,Pottawattamie,2023-08-01
108616.83000000002,8,2023,Black Hawk,2023-08-01
63993.00000000001,8,2023,Dallas,2023-08-01
72402.87999999998,8,2023,Story,2023-08-01
56819.39999999997,8,2023,Dubuque,2023-08-01
72952.37000000001,8,2023,Woodbury,2023-08-01
187935.7,8,2023,Linn,2023-08-01
62579.53999999999,9,2023,Woodbury,2023-09-01
54102.59000000001,9,2023,Story,2023-09-01
89351.46999999997,9,2023,Black Hawk,2023-09-01
49971.07999999997,9,2023,Dallas,2023-09-01
64056.65000000002,9,2023,Dubuque,2023-09-01
101193.11,9,2023,Johnson,2023-09-01
149851.34000000008,9,2023,Linn,2023-09-01
403372.18000000005,9,2023,Polk,2023-09-01
69719.34999999999,9,2023,Pottawattamie,2023-09-01
106780.96000000002,9,2023,Scott,2023-09-01
66211.22000000003,10,2023,Woodbury,2023-10-01
54442.11999999999,10,2023,Story,2023-10-01
137478.57999999996,10,2023,Scott,2023-10-01
61406.38,10,2023,Pottawattamie,2023-10-01
472557.7700000001,10,2023,Polk,2023-10-01
125430.59000000004,10,2023,Johnson,2023-10-01
54783.789999999964,10,2023,Dubuque,2023-10-01
176439.74000000014,10,2023,Linn,2023-10-01
105724.73,10,2023,Black Hawk,2023-10-01
60681.24999999999,10,2023,Dallas,2023-10-01
450433.37999999995,11,2023,Polk,2023-11-01
62727.56999999994,11,2023,Dubuque,2023-11-01
157024.26000000004,11,2023,Linn,2023-11-01
72542.84000000003,11,2023,Woodbury,2023-11-01
110095.11,11,2023,Johnson,2023-11-01
130407.36000000009,11,2023,Scott,2023-11-01
65523.67999999998,11,2023,Story,2023-11-01
103773.96999999999,11,2023,Black Hawk,2023-11-01
59942.40000000002,11,2023,Dallas,2023-11-01
69672.64000000003,11,2023,Pottawattamie,2023-11-01
109144.80999999994,12,2023,Johnson,2023-12-01
172637.47999999995,12,2023,Linn,2023-12-01
418267.44999999984,12,2023,Polk,2023-12-01
69968.62000000001,12,2023,Pottawattamie,2023-12-01
128198.00999999998,12,2023,Scott,2023-12-01
50062.88999999998,12,2023,Story,2023-12-01
70507.36999999997,12,2023,Woodbury,2023-12-01
56604.37999999997,12,2023,Dallas,2023-12-01
62388.11000000001,12,2023,Dubuque,2023-12-01
106164.01000000001,12,2023,Black Hawk,2023-12-01
